Microsoft Windows [Version 10.0.19041.1348]
(c) Microsoft Corporation. Všechna práva vyhrazena.

H:\>\\fs1\users\matemi\Plocha\EasyPHP-DevServer-14.1VC9\binaries\mysql\bin\mysql.exe -u root
Welcome to the MySQL monitor.  Commands end with ; or \g.
Your MySQL connection id is 2
Server version: 5.6.15-log MySQL Community Server (GPL)

Copyright (c) 2000, 2013, Oracle and/or its affiliates. All rights reserved.

Oracle is a registered trademark of Oracle Corporation and/or its
affiliates. Other names may be trademarks of their respective
owners.

Type 'help;' or '\h' for help. Type '\c' to clear the current input statement.

mysql> create database zkouseni;
Query OK, 1 row affected (0.09 sec)

mysql> use zkouseni;
Database changed
mysql> select database();
+------------+
| database() |
+------------+
| zkouseni   |
+------------+
1 row in set (0.00 sec)

mysql> create table zamestnanci (
    -> IDz INT unsigned not null primary key auo_increment,
    -> jmeno VARCHAR(20),
    -> prijmeni VARCHAR(30),
    -> IDn INT
    -> );
ERROR 1064 (42000): You have an error in your SQL syntax; check the manual that corresponds to your MySQL server version for the right syntax to use near 'auo_increment,
jmeno VARCHAR(20),
prijmeni VARCHAR(30),
IDn INT
)' at line 2
mysql> IDz INT unsigned not null primary key auto_increment,
    -> jmeno VARCHAR(20),
    -> prijmeni VARCHAR(30),
    -> IDn INT
    -> );
ERROR 1064 (42000): You have an error in your SQL syntax; check the manual that corresponds to your MySQL server version for the right syntax to use near 'IDz INT unsigned not null primary key auto_increment,
jmeno VARCHAR(20),
prijmen' at line 1
mysql> mysql> Ctrl-C -- exit!

mysql> create table zamestanci (
    -> IDz INT unsigned not null primary key auto_increment,
    -> jmeno VARCHAR(20),
    -> prijmeni VARCHAR(30),
    -> IDn INT
    -> );
Query OK, 0 rows affected (0.03 sec)

mysql> describe zamestnanci;
ERROR 1146 (42S02): Table 'zkouseni.zamestnanci' doesn't exist
mysql> drop table zamestanci
    -> ;
Query OK, 0 rows affected (0.03 sec)

mysql> create table zamestnanci (
    -> IDz INT unsigned not null primary key auto_increment,
    -> jmeno VARCHAR(20),
    -> prijmeni VARCHAR(30),
    -> IDn INT
    -> );
Query OK, 0 rows affected (0.03 sec)

mysql> describe zamestnanci;
+----------+------------------+------+-----+---------+----------------+
| Field    | Type             | Null | Key | Default | Extra          |
+----------+------------------+------+-----+---------+----------------+
| IDz      | int(10) unsigned | NO   | PRI | NULL    | auto_increment |
| jmeno    | varchar(20)      | YES  |     | NULL    |                |
| prijmeni | varchar(30)      | YES  |     | NULL    |                |
| IDn      | int(11)          | YES  |     | NULL    |                |
+----------+------------------+------+-----+---------+----------------+
4 rows in set (0.02 sec)

mysql> insert into (jmeno, prijmeni) values ('Petr','Machal');
ERROR 1064 (42000): You have an error in your SQL syntax; check the manual that corresponds to your MySQL server version for the right syntax to use near '(jmeno, prijmeni) values ('Petr','Machal')' at line 1
mysql> insert into zamesntanci (jmeno, prijmeni) values ('Petr','Machal');
ERROR 1146 (42S02): Table 'zkouseni.zamesntanci' doesn't exist
mysql> insert into zamestnanci (jmeno,prijmeni) values ('Petr','Machal');
Query OK, 1 row affected (0.00 sec)

mysql> insert into zamestnanci (jmeno,prijmeni,IDn) values ('Lucie','Mala',1);
Query OK, 1 row affected (0.00 sec)

mysql> SELECT jmeno, prijmeni FROM zamestnanci;
+-------+----------+
| jmeno | prijmeni |
+-------+----------+
| Petr  | Machal   |
| Lucie | Mala     |
+-------+----------+
2 rows in set (0.00 sec)

mysql> SELECT concat (jmeno, prijmeni) as zaměstnanec FROM zamestnanci;
+-------------+
| zaměstnanec |
+-------------+
| PetrMachal  |
| LucieMala   |
+-------------+
2 rows in set (0.00 sec)

mysql> SELECT concat (jmeno," ",prijmeni) as zaměstnanec FROM zamestnanci;
+-------------+
| zaměstnanec |
+-------------+
| Petr Machal |
| Lucie Mala  |
+-------------+
2 rows in set (0.00 sec)

mysql> select * from zamestnanci;
+-----+-------+----------+------+
| IDz | jmeno | prijmeni | IDn  |
+-----+-------+----------+------+
|   1 | Petr  | Machal   | NULL |
|   2 | Lucie | Mala     |    1 |
+-----+-------+----------+------+
2 rows in set (0.00 sec)

mysql> SELECT concat (jmeno," ",prijmeni) as zaměstnanec FROM zamestnanci AS z1 INNER JOIN zamestnanci AS z2 ON z1.IDz = z2.IDn;
ERROR 1052 (23000): Column 'jmeno' in field list is ambiguous
mysql> SELECT concat (z1.jmeno," ",z1.prijmeni) as zaměstnanec FROM zamestnanci AS z1 INNER JOIN zamestnanci AS z2 ON z1.IDz = z2.IDn;
+-------------+
| zaměstnanec |
+-------------+
| Petr Machal |
+-------------+
1 row in set (0.03 sec)

mysql> SELECT concat (z1.jmeno," ",z1.prijmeni) as zaměstnanec, concat (z2.jmeno," ",z2.prijmeni) as nadrizeny FROM zamestnanci AS z1 INNER JOIN zamestnanci AS z2 ON z1.IDz = z2.IDn;
+-------------+------------+
| zaměstnanec | nadrizeny  |
+-------------+------------+
| Petr Machal | Lucie Mala |
+-------------+------------+
1 row in set (0.00 sec)

mysql> insert into zamestnanci (jmeno,prijmeni,IDn) values ('Lenka', 'Selska',1);
Query OK, 1 row affected (0.00 sec)

mysql> SELECT concat (z1.jmeno," ",z1.prijmeni) as zaměstnanec, concat (z2.jmeno," ",z2.prijmeni) as nadrizeny FROM zamestnanci AS z1 INNER JOIN zamestnanci AS z2 ON z1.IDz = z2.IDn;
+-------------+--------------+
| zaměstnanec | nadrizeny    |
+-------------+--------------+
| Petr Machal | Lucie Mala   |
| Petr Machal | Lenka Selska |
+-------------+--------------+
2 rows in set (0.00 sec)

mysql> SELECT concat (z1.jmeno," ",z1.prijmeni) as nadrizeny, concat (z2.jmeno," ",z2.prijmeni) as zamestnanec FROM zamestnanci AS z1 INNER JOIN zamestnanci AS z2 ON z1.IDz = z2.IDn;
+-------------+--------------+
| nadrizeny   | zamestnanec  |
+-------------+--------------+
| Petr Machal | Lucie Mala   |
| Petr Machal | Lenka Selska |
+-------------+--------------+
2 rows in set (0.00 sec)
