------
CREATE
------

create database ucebnice;

create table ucebnice (u_id int not null auto_increment, cena int not null, primary key (u_id));

alter table ucebnice add nazev varchar(255) not null default "";

------
INSERT
------

insert into ucebnice (cena, nazev) values (250, 'Matematika'), (320, "Anglictina"), (180, "Cesky jazyk a literatura"), (350, "Ekonomika"), (400, "Operacni systemy"), (200, "Nemecky jazyk");

--------
FUNCTION
--------

delimiter $$

create function f_price_string (
	cena int(11)
)
returns varchar(255)
deterministic no sql
begin
if (cena < 280) then
set @state = 'levny';
else
set @state = 'drahy';
end if;
return @state;
end$$

delimiter ;

---------
PROCEDURE
---------

delimiter $$

create procedure p_discount (
	in i_discount int
)
begin
update ucebnice set cena = cena + (cena * i_discount/100);
end$$

delimiter ;

----
CALL
----

call p_discount(12);

------
SELECT
------

select nazev, f_price_string(cena) price from ucebnice;

------
OUTPUT
------

MariaDB [ucebnice]> select nazev, f_price_string(cena) price from ucebnice;
+--------------------------+-------+
| nazev                    | price |
+--------------------------+-------+
| Matematika               | levny |
| Anglictina               | drahy |
| Cesky jazyk a literatura | levny |
| Ekonomika                | drahy |
| Operacni systemy         | drahy |
| Nemecky jazyk            | levny |
+--------------------------+-------+
6 rows in set (0.008 sec)

MariaDB [ucebnice]> select * from ucebnice;
+------+-------+--------------------------+
| u_id | cena  | nazev                    |
+------+-------+--------------------------+
|    1 |  7500 | Matematika               |
|    2 | 12288 | Anglictina               |
|    3 |  3888 | Cesky jazyk a literatura |
|    4 | 14700 | Ekonomika                |
|    5 | 19200 | Operacni systemy         |
|    6 |  4800 | Nemecky jazyk            |
+------+-------+--------------------------+
6 rows in set (0.000 sec)

MariaDB [ucebnice]> select * from ucebnice;
+------+-------+--------------------------+
| u_id | cena  | nazev                    |
+------+-------+--------------------------+
|    1 |  8625 | Matematika               |
|    2 | 14131 | Anglictina               |
|    3 |  4471 | Cesky jazyk a literatura |
|    4 | 16905 | Ekonomika                |
|    5 | 22080 | Operacni systemy         |
|    6 |  5520 | Nemecky jazyk            |
+------+-------+--------------------------+
6 rows in set (0.000 sec)