----------------------------------------------------------------------------------------------------------------------------------------
CREATE
----------------------------------------------------------------------------------------------------------------------------------------

create table ucitel (u_id int not null auto_increment, jmeno varchar(30) not null, prijmeni varchar(30), primary key (u_id));

create table predmet (p_id int not null auto_increment, nazev varchar(30) not null, primary key (p_id));

create table ucitel_uci (ucitel_id int not null, predmet_id int not null, constraint fk_ucitel foreign key (ucitel_id) references ucitel(u_id));

create table ucitel_muze_ucit (ucitel_id int not null, predmet_id int not null, constraint fk_ucitel_muze_u foreign key (ucitel_id) references ucitel(u_id), constraint fk_ucitel_muze_p foreign key (predmet_id) references predmet(p_id));

alter table ucitel_uci add constraint fk_ucitel_p foreign key (predmet_id) references predmet(p_id);

----------------------------------------------------------------------------------------------------------------------------------------
INSERT
----------------------------------------------------------------------------------------------------------------------------------------

insert into predmet (nazev) values ('matematika'), ('cestina'), ('dejepis'), ('zemepis');

insert into ucitel (jmeno, prijmeni) values ('Petr', 'Stastny'), ('Katerina', 'Mala'), ('Antonin', 'Pokorny'), ('Jana', 'Novotna');

insert into ucitel_uci (ucitel_id, predmet_id) values (1,1), (2,2), (3,3), (4,4);

insert into ucitel_muze_ucit (ucitel_id, predmet_id) values (1,1), (1,2), (1,3), (2,2), (3,3), (3,4), (4,1), (4,4);

----------------------------------------------------------------------------------------------------------------------------------------
JOIN / VIEW
----------------------------------------------------------------------------------------------------------------------------------------

select concat(jmeno, ' ', prijmeni) jmeno from ucitel;

select concat(jmeno, ' ', prijmeni) jmeno, predmet.nazev predmet from ucitel, predmet;

select concat(jmeno, ' ', prijmeni) jmeno, predmet.nazev predmet from ucitel, predmet where predmet.nazev = 'cestina';

select concat(jmeno, ' ', prijmeni) jmeno, predmet.nazev predmet from ucitel, predmet where predmet.nazev = 'matematika' or predmet.nazev = 'cestina' order by jmeno;

----------------------------------------------------------------------------------------------------------------------------------------
FUNCTION
----------------------------------------------------------------------------------------------------------------------------------------

delimiter $$

create function F_suplovani(
	nazev varchar(30)
	concat(jmeno varchar(30), ' ', prijmeni varchar(30))
)

returns varchar(30)
deterministic sql

begin
	if ...
end $$

delimiter ;

----------------------------------------------------------------------------------------------------------------------------------------
RESENI
----------------------------------------------------------------------------------------------------------------------------------------

MariaDB [suplovani]> show create table predmet;
+---------+-------------------------------------------------------------------------------------------------------------------------------------------------------------------+
| Table   | Create Table                                                                                                                                                      |
+---------+-------------------------------------------------------------------------------------------------------------------------------------------------------------------+
| predmet | CREATE TABLE `predmet` (
  `p_id` int(11) NOT NULL AUTO_INCREMENT,
  `nazev` varchar(30) NOT NULL,
  PRIMARY KEY (`p_id`)
) ENGINE=InnoDB DEFAULT CHARSET=utf8mb3 |
+---------+-------------------------------------------------------------------------------------------------------------------------------------------------------------------+
1 row in set (0.000 sec)

MariaDB [suplovani]> show create table ucitel;
+--------+---------------------------------------------------------------------------------------------------------------------------------------------------------------------------------------------------------+
| Table  | Create Table                                                                                                                                                                                            |
+--------+---------------------------------------------------------------------------------------------------------------------------------------------------------------------------------------------------------+
| ucitel | CREATE TABLE `ucitel` (
  `u_id` int(11) NOT NULL AUTO_INCREMENT,
  `jmeno` varchar(30) NOT NULL,
  `prijmeni` varchar(30) DEFAULT NULL,
  PRIMARY KEY (`u_id`)
) ENGINE=InnoDB DEFAULT CHARSET=utf8mb3 |
+--------+---------------------------------------------------------------------------------------------------------------------------------------------------------------------------------------------------------+
1 row in set (0.007 sec)

MariaDB [suplovani]> show create table ucitel_uci;
+------------+--------------------------------------------------------------------------------------------------------------------------------------------------------------------------------------------------------------------------------------------------------------------------------------------------------------------------------------------------------------------------------+
| Table      | Create Table                                                                                                                                                                                                                                                                                                                                                                   |
+------------+--------------------------------------------------------------------------------------------------------------------------------------------------------------------------------------------------------------------------------------------------------------------------------------------------------------------------------------------------------------------------------+
| ucitel_uci | CREATE TABLE `ucitel_uci` (
  `ucitel_id` int(11) NOT NULL,
  `predmet_id` int(11) NOT NULL,
  KEY `fk_ucitel` (`ucitel_id`),
  KEY `fk_ucitel_p` (`predmet_id`),
  CONSTRAINT `fk_ucitel` FOREIGN KEY (`ucitel_id`) REFERENCES `ucitel` (`u_id`),
  CONSTRAINT `fk_ucitel_p` FOREIGN KEY (`predmet_id`) REFERENCES `predmet` (`p_id`)
) ENGINE=InnoDB DEFAULT CHARSET=utf8mb3 |
+------------+--------------------------------------------------------------------------------------------------------------------------------------------------------------------------------------------------------------------------------------------------------------------------------------------------------------------------------------------------------------------------------+
1 row in set (0.000 sec)

MariaDB [suplovani]> show create table ucitel_muze_ucit;
+------------------+--------------------------------------------------------------------------------------------------------------------------------------------------------------------------------------------------------------------------------------------------------------------------------------------------------------------------------------------------------------------------------------------------------------+
| Table            | Create Table                                                                                                                                                                                                                                                                                                                                                                                                 |
+------------------+--------------------------------------------------------------------------------------------------------------------------------------------------------------------------------------------------------------------------------------------------------------------------------------------------------------------------------------------------------------------------------------------------------------+
| ucitel_muze_ucit | CREATE TABLE `ucitel_muze_ucit` (
  `ucitel_id` int(11) NOT NULL,
  `predmet_id` int(11) NOT NULL,
  KEY `fk_ucitel_muze_u` (`ucitel_id`),
  KEY `fk_ucitel_muze_p` (`predmet_id`),
  CONSTRAINT `fk_ucitel_muze_p` FOREIGN KEY (`predmet_id`) REFERENCES `predmet` (`p_id`),
  CONSTRAINT `fk_ucitel_muze_u` FOREIGN KEY (`ucitel_id`) REFERENCES `ucitel` (`u_id`)
) ENGINE=InnoDB DEFAULT CHARSET=utf8mb3 |
+------------------+--------------------------------------------------------------------------------------------------------------------------------------------------------------------------------------------------------------------------------------------------------------------------------------------------------------------------------------------------------------------------------------------------------------+
1 row in set (0.000 sec)